Workbook

Sheet Per certificate
A1: Parcel / Courier insurance - workings per certificate
A2: Source: TISPH PARCEL_INSURANCE_BREAKDOWN.xlsx; Gap Analysis MOM Session 9 (28 Aug 2026); BRD TIS-BRD-PJRN-09. Yellow cells are inputs.
A4: Input | B4: Value | C4: Note
A5: Customer charge - Rush delivery | B5: 2500 | C5: Workbook
A6: Customer charge - Regular delivery | B6: 2000 | C6: Workbook; MOM says flat 2,500
A7: Insurance part of the charge | B7: 500 | C7: Workbook; MOM: default flat premium 500 incl. taxes
A8: Sum insured - Personal Accident | B8: 50000 | C8: Workbook
A9: Premium - Personal Accident | B9: 50 | C9: Workbook
A10: Sum insured - Parcel (Marine Hull) | B10: 10000 | C10: Workbook
A11: Premium - Parcel (Marine Hull) | B11: 12 | C11: Workbook
A12: AXA commission rate - Personal Accident | B12: 0.3 | C12: Workbook 30%; MOM / BRD 3% - set to 0.03 to compare
A13: AXA commission rate - Parcel | B13: 0.3 | C13: Workbook 30%; MOM / BRD 3%
A15: Working | B15: Amount | C15: Formula
A16: Total premium remitted to AXA | B16: =B9+B11 | C16: PA premium + Parcel premium
A17: TISPH margin (insurance part - premium) | B17: =B7-B16 | C17: Kept by TISPH
A18: Commission from AXA - Personal Accident | B18: =B9*B12
A19: Commission from AXA - Parcel | B19: =B11*B13
A20: Total commission | B20: =B18+B19
A21: Total TISPH income per certificate | B21: =B17+B20 | C21: Margin + commission
A22: Effective rate - PA | B22: =B9/B8 | C22: Premium / sum insured
A23: Effective rate - Parcel | B23: =B11/B10 | C23: Premium / sum insured
A24: Same income if commission were 3% | B24: =B17+(B9+B11)*0.03 | C24: For comparison with MOM / BRD

Sheet Daily declaration
A1: Daily declaration and month view (illustrative counts)
A3: Input | B3: Value
A4: Rush deliveries in the day | B4: 25
A5: Regular deliveries in the day | B5: 15
A6: Working days in the month | B6: 22
A7: Certificates in the day | B7: =B4+B5
A9: Line | B9: Per certificate | C9: Day | D9: Month
A10: Customer charges | C10: =B4*'Per certificate'!B5+B5*'Per certificate'!B6 | D10: =C10*$B$6
A11: Insurance part | B11: ='Per certificate'!B7 | C11: =B11*$B$7 | D11: =C11*$B$6
A12: Sum insured declared - PA | B12: ='Per certificate'!B8 | C12: =B12*$B$7 | D12: =C12*$B$6
A13: Sum insured declared - Parcel | B13: ='Per certificate'!B10 | C13: =B13*$B$7 | D13: =C13*$B$6
A14: Premium remitted to AXA | B14: ='Per certificate'!B16 | C14: =B14*$B$7 | D14: =C14*$B$6
A15: TISPH margin | B15: ='Per certificate'!B17 | C15: =B15*$B$7 | D15: =C15*$B$6
A16: Commission from AXA | B16: ='Per certificate'!B20 | C16: =B16*$B$7 | D16: =C16*$B$6
A17: TISPH income | B17: ='Per certificate'!B21 | C17: =B17*$B$7 | D17: =C17*$B$6

Sheet Points to confirm
A1: No. | B1: Point | C1: Workbook | D1: MOM Session 9 / BRD
A2: P-01 | B2: AXA commission rate | C2: 30% on each cover | D2: 3%
A3: P-02 | B3: What the PHP 500 is | C3: Insurance part: PHP 62 premium + PHP 438 TISPH margin | D3: Default flat premium 500 incl. taxes, remitted in full to AXA
A4: P-03 | B4: Customer charge | C4: Rush 2,500 / Regular 2,000 | D4: Flat 2,500
A5: P-04 | B5: Courier fee (LBC) and notary | C5: Listed, no amounts | D5: Breakdown open (action 33)
A6: P-05 | B6: "Amount Due to TFSPH" 500 | C6: Label only | D6: Direction of the amount to be confirmed
A7: P-06 | B7: Taxes / VAT | C7: Premium shown without taxes | D7: VAT on margin and commission to be confirmed by FGA
A8: P-07 | B8: Covers per certificate | C8: PA 50,000 and Parcel 10,000 | D8: Confirm both apply to every customer
A9: P-08 | B9: Declaration to AXA | C9: - | D9: Daily declaration; monthly bulk upload; format from TISPH (action 33)
